Uuid,Void/Retire,Name,Description,_version:1
7b0f5697-27e3-40c4-8bae-f4049abfb4ed,,Facility Visit,"Patient visits the clinic/hospital (as opposed to a home visit, or telephone contact)",
d66e9fe0-7d51-4801-a550-5d462ad1c944,,Home Visit,Provider visits the patient at their home,
287463d3-2233-4c69-9851-5841a1f5e109,,OPD Visit,OPD Visit,
a22733fa-3501-4020-a520-da024eeff088,,Offline Visit,Visit type for offline features,
78370d15-38ad-48a1-825f-f0e9ff60d5a1,,Group Session,Visit type for group sessions (used in Fast Data Entry),
