Uuid,Void/Retire,Name,Description,_version:1
7b0f5697-27e3-40c4-8bae-f4049abfb4ed,,Посещение в медицинской организации,"Пациент приходит в поликлинику / стационар (в отличие от выезда на дом или телефонного контакта)",
d66e9fe0-7d51-4801-a550-5d462ad1c944,,Выезд на дом,Врач посещает пациента на дому,
287463d3-2233-4c69-9851-5841a1f5e109,,Посещение поликлиники,Посещение поликлиники (амбулаторный приём),
a22733fa-3501-4020-a520-da024eeff088,,Офлайн-посещение,Тип посещения для работы в режиме офлайн,
78370d15-38ad-48a1-825f-f0e9ff60d5a1,,Групповой приём,Тип посещения для групповых занятий и массовых приёмов (используется в быстром вводе данных),