Uuid,Void/Retire,Frequency per day,Concept frequency,_version:1,_order:7000
136ebdb7-e989-47cf-8ec2-4e8b2ffe0ab3,,1,Один раз в сутки,,
af7c1fe6-d669-414e-b066-e9733f0de7a8,,12,Каждые 2 часа,,
08c71152-c552-42e7-b094-f510ff44e9cb,,2,Два раза в сутки,,
136ebdb7-e989-47cf-8ec6-4e8b2ffe0ab5,,3,Три раза в сутки,,
136ebdb7-e989-47ct-8ec2-4e8b6ffe0ab1,,4,Каждые 6 часов,,
136ebdb1-e984-47cf-8ec2-4e6b2ffe0ab8,,6,Каждые 4 часа,,
336ebdb5-e985-47cf-8mc2-4e8b2ffe0a83,,8,Каждые 3 часа,,
736ebdb7-9989-47cf-8ec2-4e8b2ffe0ab2,,2,Каждые 12 часов,,
636ebdb4-e988-37cf-8ec2-4e9b2ffe8ab3,,24,Каждый час,,