Uuid,Void/Retire,Entity name,Name,Description,Min occurs,Max occurs,Datatype classname,Datatype config,Preferred handler classname,Handler config,_order:1000
57ea0cbb-064f-4d09-8cf4-e8228700491c,,Visit,Пунктуальность,,0,1,org.openmrs.customdatatype.datatype.ConceptDatatype,d81d4698-e78c-420d-aac5-cb1f606fb32e,,,
aac48226-d143-4274-80e0-264db4e368ee,,Visit,Номер полиса,,0,1,org.openmrs.customdatatype.datatype.FreeTextDatatype,,,,
3a988e33-a6c0-4b76-b924-01abb998944b,,Visit,Программа страхования,"Программа/вид страхования, по которой пациент оплачивает услуги (ожидается uuid)",0,1,org.openmrs.customdatatype.datatype.FreeTextDatatype,,,,
8553afa0-bdb9-4d3c-8a98-05fa9350aa85,,Visit,Способ оплаты,"Способ оплаты услуг пациентом (ожидается uuid)",0,1,org.openmrs.customdatatype.datatype.FreeTextDatatype,,,,
fbc0702d-b4c9-4968-be63-af8ad3ad6239,,Visit,Тип пациента,"Пациент платный или получает услуги бесплатно (ожидается uuid)",0,1,org.openmrs.customdatatype.datatype.FreeTextDatatype,,,,