Uuid,Void/Retire,Name,Description,Weight,Preferred,A is to b,B is to a,
c86d9979-b8ac-4d8c-85cf-cc04e7f16315,,Дядя/Племянник,Родственная связь между дядей и его племянником,1,true,Дядя,Племянник,
3982f469-cedc-4b2d-91ea-fe38f881e1a0,true,Тётя/Племянница,Родственная связь между тётей и её племянницей,,,Тётя,Племянница,
4f6b4fc4-66e5-4364-be1d-d5872ff8817e,,Друг/Друг,Отношения дружбы,,,Друг,Друг,
53d8a8f3-0084-4a52-8666-c655f5bd2689,,Руководитель/Подчинённый,Отношения между руководителем и подчинённым,,,Руководитель,Подчинённый,
117ac27a-7fec-4834-8fad-d967c702c15a,,Врач/Пациент,Отношения между медицинским работником и пациентом,,,Врач,Пациент,
8c8bbfe3-8454-41f9-a180-55f7058af9bd,,Медицинский работник на сообществе/Пациент,Отношения между медицинским работником первичного звена и пациентом,,,Медицинский работник на сообществе,Пациент,
057de23f-3d9c-4314-9391-4452970739c6,,Другое/Другое,Тип отношений,,,Другое,Другое,